{
    "servo_motors": {
        "L1": 44.554455445544555,
        "L2": 5.0,
        "L3": 80,
        "L5": 51.72413793103448,
        "L6": 150,
        "L7": 90,
        "L8": 0.0,
        "L9": 80,
        "L10": 0,
        "L12": 180.0,
        "R14": 0,
        "R15": 98,
        "R16": 49.787234042553195,
        "R6": 119.30232558139534,
        "R8": 143.0,
        "R10": 180,
        "R12": 90,
        "R1": 37.8,
        "R2": 97.82608695652173,
        "R3": 86.39999999999999,
        "RDC": 0.0,
        "LDC": 10.0
    },
    "dc_motors": {
        "LDC": 0,
        "RDC": 0
    },
    "offsets": {
        "L1": 0,
        "L2": 0,
        "L3": 0,
        "L5": 0,
        "L6": 0,
        "L7": 5,
        "L8": 0,
        "L9": 0,
        "L10": -15,
        "L12": 0,
        "R14": 0,
        "R15": 0,
        "R16": 0,
        "R6": 0,
        "R8": 0,
        "R10": 0,
        "R12": 0,
        "R1": 0,
        "R2": 0,
        "R3": 0
    },
    "inverted_motors": {
        "L1": false,
        "R14": true,
        "R15": true,
        "R6": true,
        "R10": true,
        "L2": false,
        "L7": false,
        "R12": true,
        "R1": false,
        "L3": false,
        "L9": true,
        "R2": true,
        "L10": true,
        "L12": true,
        "L5": false,
        "L6": false,
        "L8": false,
        "R16": false,
        "R8": false,
        "R3": false
    }
}