{
    "servo_motors": {
        "L1": 17.821782178217823,
        "L2": 5.346534653465346,
        "L3": 98.70967741935483,
        "L5": 64.13793103448276,
        "L6": 180.0,
        "L7": 90.0,
        "L8": 0.0,
        "L9": 120.0,
        "L10": 26.52631578947368,
        "L12": 17.05263157894737,
        "R14": 0.0,
        "R15": 98.37209302325581,
        "R16": 34.46808510638298,
        "R6": 50.0,
        "R8": 0.0,
        "R10": 180.0,
        "R12": 90.0,
        "R1": 12.600000000000001,
        "R2": 105.65217391304348,
        "R3": 0.0,
        "RDC": 0.0,
        "LDC": 10.0
    },
    "dc_motors": {
        "LDC": 0,
        "RDC": 0
    },
    "offsets": {
        "L1": 0,
        "L2": 0,
        "L3": 0,
        "L5": 0,
        "L6": 0,
        "L7": 0,
        "L8": 0,
        "L9": 0,
        "L10": 0,
        "L12": 0,
        "R14": 0,
        "R15": 0,
        "R16": 0,
        "R6": 0,
        "R8": 0,
        "R10": 0,
        "R12": 0,
        "R1": 0,
        "R2": 0,
        "R3": 0
    },
    "inverted_motors": {
        "L1": true,
        "R14": true,
        "R15": true,
        "R6": true,
        "R10": true,
        "L2": false,
        "L7": false,
        "R12": true,
        "R1": false,
        "L3": true,
        "L9": false,
        "R2": true,
        "L10": true,
        "L12": false,
        "L5": false,
        "L6": false,
        "L8": false,
        "R16": false,
        "R8": false,
        "R3": false
    }
}